role_bucket,style_cluster_id,metric,cluster_median,role_median,difference,z_difference,coverage
GK,GK_C01,Shots faced,10.02,11.04,-1.0199999999999996,-0.4740086039903228,1.0
GK,GK_C01,Shots on target faced,3.81,4.05,-0.23999999999999977,-0.2670283950941591,1.0
GK,GK_C01,Opponent's close-range shots,3.95,4.12,-0.16999999999999993,-0.16580358618084565,1.0
GK,GK_C01,Opponent's mid-range shots,3.22,3.84,-0.6199999999999997,-0.6816637931119255,1.0
GK,GK_C01,Opponent's long-range shots,2.75,2.93,-0.18000000000000016,-0.25083165402008717,1.0
GK,GK_C01,Opponent's close-range shots on target,1.11,1.22,-0.10999999999999988,-0.2639843857028728,0.9983443708609272
GK,GK_C01,Opponent's mid-range shots on target,1.62,1.74,-0.11999999999999988,-0.2627757190512672,1.0
GK,GK_C01,Opponent's long-range shots on target,1.03,1.02,0.010000000000000009,0.030849843085571885,1.0
GK,GK_C01,Opponent's shots xG,1.22,1.31,-0.09000000000000008,-0.2823281915218111,1.0
GK,GK_C01,xG per opponent's shot,0.12,0.12,0.0,0.0,1.0
GK,GK_C01,"Caught shots, %",0.30105000000000004,0.0057,0.29535000000000006,1.9999324927241653,1.0
GK,GK_C01,"Parried shots to safety, %",0.2928,0.0,0.2928,2.0619619255270845,1.0
GK,GK_C01,"Parried shots into danger, %",0.0385,0.0,0.0385,1.4728456039703894,1.0
GK,GK_C01,Opponent's crosses,15.075,9.7,5.375,1.4675702804293094,1.0
GK,GK_C01,Cross and pass interception attempts,0.88,0.47,0.41000000000000003,1.102614083140014,0.9983443708609272
GK,GK_C01,Successful cross and pass interception attempts,0.83,0.3,0.53,1.3585834935966996,0.9966887417218543
GK,GK_C01,Sweeping actions,0.34,0.34,0.0,0.0,0.9586092715231788
GK,GK_C01,Sweeping actions successful,0.33,0.33,0.0,0.0,0.9536423841059603
GK,GK_C01,Passes,23.81,28.65,-4.84,-0.761703857619142,1.0
GK,GK_C01,Open play passes,12.8,19.03,-6.23,-0.8540089995236148,1.0
GK,GK_C01,Passes from set pieces,7.095,8.03,-0.9349999999999996,-0.4408687548925494,1.0
GK,GK_C01,Goal kicks,5.24,5.655,-0.41500000000000004,-0.2691805764387551,1.0
GK,GK_C01,Long passes,9.440000000000001,11.15,-1.709999999999999,-0.4236307715533483,1.0
GK,GK_C01,Progressive open passes,2.075,2.6,-0.5249999999999999,-0.48594207564234837,1.0
GK,GK_C01,Short passes,1.35,1.28,0.07000000000000006,0.06918053756740314,0.9983443708609272
GK,GK_C01,Medium passes,12.875,15.35,-2.4749999999999996,-0.4525003430058245,1.0
GK,GK_C01,Goal kicks short (<15 m),1.06,0.83,0.2300000000000001,0.3972463382601951,0.9933774834437086
GK,GK_C01,Goal kicks medium (15-40 m),1.17,1.36,-0.19000000000000017,-0.27833957346746135,0.9983443708609272
GK,GK_C01,Goal kicks long (40+ m),2.71,3.125,-0.41500000000000004,-0.2754592488959187,1.0
GK,GK_C01,Long pass share,0.39469260527453937,0.398705501618123,-0.0040128963435836495,-0.03119089786010673,1.0
GK,GK_C01,Open play pass share,0.539253544220204,0.6658042259594652,-0.1265506817392612,-1.0331375846090414,1.0
GK,GK_C01,Set-piece pass share,0.29522399702823177,0.2851138353765324,0.010110161651699368,0.113105283850757,1.0
GK,GK_C01,Goal kick long share,0.5232036974883929,0.5591841264316503,-0.03598042894325737,-0.21087610810311164,1.0
GK,GK_C01,Goal kick short-medium share,0.47661036842524074,0.4385491515058859,0.03806121691935482,0.22350467268036917,1.0
GK,GK_C01,Actions,37.265,37.5,-0.23499999999999943,-0.03867376972580277,1.0
GK,GK_C01,Actions unsuccessful,5.0,9.0,-4.0,-1.1012603720686807,1.0
GK,GK_C02,Shots faced,12.3,11.04,1.2600000000000016,0.5855400402233409,1.0
GK,GK_C02,Shots on target faced,4.445,4.05,0.39500000000000046,0.43948423359247113,1.0
GK,GK_C02,Opponent's close-range shots,4.6,4.12,0.47999999999999954,0.4681513021576816,1.0
GK,GK_C02,Opponent's mid-range shots,4.39,3.84,0.5499999999999998,0.6047017519541276,1.0
GK,GK_C02,Opponent's long-range shots,3.18,2.93,0.25,0.3483772972501208,1.0
GK,GK_C02,Opponent's close-range shots on target,1.39,1.22,0.16999999999999993,0.40797586881353104,1.0
GK,GK_C02,Opponent's mid-range shots on target,1.89,1.74,0.1499999999999999,0.3284696488140841,1.0
GK,GK_C02,Opponent's long-range shots on target,1.09,1.02,0.07000000000000006,0.2159489015990032,1.0
GK,GK_C02,Opponent's shots xG,1.455,1.31,0.14500000000000002,0.45486208634069536,1.0
GK,GK_C02,xG per opponent's shot,0.12,0.12,0.0,0.0,1.0
GK,GK_C02,"Caught shots, %",0.0,0.0057,-0.0057,-0.03859697040300573,1.0
GK,GK_C02,"Parried shots to safety, %",0.0,0.0,0.0,0.0,1.0
GK,GK_C02,"Parried shots into danger, %",0.0,0.0,0.0,0.0,1.0
GK,GK_C02,Opponent's crosses,9.295,9.7,-0.40499999999999936,-0.11057971415327802,1.0
GK,GK_C02,Cross and pass interception attempts,0.39,0.47,-0.07999999999999996,-0.21514421134439285,0.9863481228668942
GK,GK_C02,Successful cross and pass interception attempts,0.2,0.3,-0.09999999999999998,-0.2563365082257923,0.9334470989761092
GK,GK_C02,Sweeping actions,0.305,0.34,-0.03500000000000003,-0.1414698581020302,0.9658703071672355
GK,GK_C02,Sweeping actions successful,0.3,0.33,-0.030000000000000027,-0.12426024277497323,0.9641638225255973
GK,GK_C02,Passes,29.75,28.65,1.1000000000000014,0.1731145130952598,1.0
GK,GK_C02,Open play passes,19.695,19.03,0.6649999999999991,0.09115826399409359,1.0
GK,GK_C02,Passes from set pieces,9.74,8.03,1.7100000000000009,0.8062947281992088,1.0
GK,GK_C02,Goal kicks,6.78,5.655,1.125,0.7297063819122878,1.0
GK,GK_C02,Long passes,14.61,11.15,3.459999999999999,0.8571710348389389,1.0
GK,GK_C02,Progressive open passes,2.84,2.6,0.23999999999999977,0.22214494886507336,1.0
GK,GK_C02,Short passes,1.01,1.28,-0.27,-0.2668392163314119,0.9982935153583617
GK,GK_C02,Medium passes,13.985,15.35,-1.3650000000000002,-0.24956079523351538,1.0
GK,GK_C02,Goal kicks short (<15 m),0.64,0.83,-0.18999999999999995,-0.32816001856276966,0.9812286689419796
GK,GK_C02,Goal kicks medium (15-40 m),1.32,1.36,-0.040000000000000036,-0.058597804940518174,0.9931740614334471
GK,GK_C02,Goal kicks long (40+ m),4.47,3.125,1.3449999999999998,0.8927534693132785,1.0
GK,GK_C02,Long pass share,0.4874609121994634,0.398705501618123,0.0887554105813404,0.6898660490946512,1.0
GK,GK_C02,Open play pass share,0.6636073501217346,0.6658042259594652,-0.0021968758377306496,-0.01793490928287004,1.0
GK,GK_C02,Set-piece pass share,0.32761237483356564,0.2851138353765324,0.042498539457033246,0.4754433741148331,1.0
GK,GK_C02,Goal kick long share,0.6882222146204633,0.5591841264316503,0.12903808818881302,0.7562736363492482,1.0
GK,GK_C02,Goal kick short-medium share,0.3091478037082529,0.4385491515058859,-0.12940134779763302,-0.7598760161869997,1.0
GK,GK_C02,Actions,36.625,37.5,-0.875,-0.14399807876628726,1.0
GK,GK_C02,Actions unsuccessful,12.0,9.0,3.0,0.8259452790515105,1.0
GK,GK_C03,Shots faced,10.7,11.04,-0.33999999999999986,-0.15800286799677427,0.9897084048027445
GK,GK_C03,Shots on target faced,3.92,4.05,-0.1299999999999999,-0.14464038067600288,0.9897084048027445
GK,GK_C03,Opponent's close-range shots,3.85,4.12,-0.27,-0.26333510746369615,0.9897084048027445
GK,GK_C03,Opponent's mid-range shots,3.85,3.84,0.010000000000000231,0.010994577308257123,0.9897084048027445
GK,GK_C03,Opponent's long-range shots,2.82,2.93,-0.11000000000000032,-0.15328601079005358,0.9897084048027445
GK,GK_C03,Opponent's close-range shots on target,1.16,1.22,-0.06000000000000005,-0.14399148311065818,0.9897084048027445
GK,GK_C03,Opponent's mid-range shots on target,1.69,1.74,-0.050000000000000044,-0.1094898829380282,0.9897084048027445
GK,GK_C03,Opponent's long-range shots on target,0.97,1.02,-0.050000000000000044,-0.15424921542785944,0.9897084048027445
GK,GK_C03,Opponent's shots xG,1.25,1.31,-0.06000000000000005,-0.18821879434787409,0.9897084048027445
GK,GK_C03,xG per opponent's shot,0.12,0.12,0.0,0.0,0.9897084048027445
GK,GK_C03,"Caught shots, %",0.0,0.0057,-0.0057,-0.03859697040300573,0.9897084048027445
GK,GK_C03,"Parried shots to safety, %",0.0,0.0,0.0,0.0,0.9897084048027445
GK,GK_C03,"Parried shots into danger, %",0.0,0.0,0.0,0.0,0.9897084048027445
GK,GK_C03,Opponent's crosses,7.96,9.7,-1.7399999999999993,-0.47508321636223205,0.9897084048027445
GK,GK_C03,Cross and pass interception attempts,0.35,0.47,-0.12,-0.3227163170165894,0.9691252144082333
GK,GK_C03,Successful cross and pass interception attempts,0.19,0.3,-0.10999999999999999,-0.2819701590483715,0.9262435677530018
GK,GK_C03,Sweeping actions,0.37,0.34,0.02999999999999997,0.12125987837316851,0.9622641509433962
GK,GK_C03,Sweeping actions successful,0.36,0.33,0.02999999999999997,0.12426024277497301,0.9622641509433962
GK,GK_C03,Passes,32.18,28.65,3.530000000000001,0.5555402102056968,1.0
GK,GK_C03,Open play passes,24.87,19.03,5.84,0.800547761993244,1.0
GK,GK_C03,Passes from set pieces,7.18,8.03,-0.8499999999999996,-0.40078977717504494,1.0
GK,GK_C03,Goal kicks,5.015,5.655,-0.6400000000000006,-0.41512185282121294,0.9914236706689536
GK,GK_C03,Long passes,9.84,11.15,-1.3100000000000005,-0.3245358542309279,1.0
GK,GK_C03,Progressive open passes,2.92,2.6,0.31999999999999984,0.2961932651534313,1.0
GK,GK_C03,Short passes,1.62,1.28,0.3400000000000001,0.33601975389881505,1.0
GK,GK_C03,Medium passes,20.25,15.35,4.9,0.8958592649408244,1.0
GK,GK_C03,Goal kicks short (<15 m),0.86,0.83,0.030000000000000027,0.051814739773068955,0.9914236706689536
GK,GK_C03,Goal kicks medium (15-40 m),1.62,1.36,0.26,0.3808857321133678,0.9897084048027445
GK,GK_C03,Goal kicks long (40+ m),2.35,3.125,-0.7749999999999999,-0.5144118503477999,0.9914236706689536
GK,GK_C03,Long pass share,0.3116570327552986,0.398705501618123,-0.08704846886282441,-0.6765985634092769,1.0
GK,GK_C03,Open play pass share,0.7726811961479979,0.6658042259594652,0.1068769701885327,0.8725248518092876,1.0
GK,GK_C03,Set-piece pass share,0.21947401377582967,0.2851138353765324,-0.06563982160070272,-0.7343315477861457,1.0
GK,GK_C03,Goal kick long share,0.4655632411067194,0.5591841264316503,-0.09362088532493085,-0.5486985151184198,0.9914236706689536
GK,GK_C03,Goal kick short-medium share,0.532948882512836,0.4385491515058859,0.0943997310069501,0.5543380555731564,0.9914236706689536
GK,GK_C03,Actions,38.83,37.5,1.3299999999999983,0.21887707972475637,1.0
GK,GK_C03,Actions unsuccessful,9.0,9.0,0.0,0.0,1.0
